{"0": {"ID": 3, "OfferTitle": "РОЗА УЖЕ В ИГРЕ!", "Cost": 99999, "OldCost": 30, "Multiplier": 1, "BrawlerID": 24, "SkinID": 0, "WhoBuyed": [632470110, 105034218, 991794518, 282982257, 381917763], "ShopType": 0, "ShopDisplay": 0}, "1": {"ID": 10, "OfferTitle": "SPECIAL OFFER", "Cost": 20, "OldCost": 0, "Multiplier": 1, "BrawlerID": 0, "SkinID": 0, "WhoBuyed": [632470110, 105034218, 2691013373, 991794518, 282982257, 381917763, 288100952, 485224466, 1032683384, 3982971010, 369179118], "ShopType": 0, "ShopDisplay": 1}}